,Month,Total_flow,Baseflow,Runoff,BF:TF,Site
1,4,11.812052063822934,2.625910902172826,7.516660000986388,0.22230776566040278,Fagaalu
1,4,9.119986627837342,2.0937581385856343,6.64871736585695,0.22957907988535453,Leone
1,4,6.29470379953029,2.5130633812195375,3.8442606735021267,0.3992345726270809,Fagasa
0,4,2.211139420358159,0.33643603639067293,2.0652778377785097,0.15215505331462872,Afono
1,4,9.243716643498118,3.3311669898376057,6.959030883219664,0.360370954488387,Nuuuli
1,4,8.818258431309113,2.0230676046744156,7.153302354654714,0.22941804443965264,Vaipito
0,4,9.845614009128248,5.244761119363298,4.819280754767343,0.5327002576477889,Malota
0,4,1.229662316624697,0.650719191481139,0.6583740720312459,0.5291852752447515,Fagaitua
