,Month,Total_flow,Baseflow,Runoff,BF:TF,Site
5,8,4.830880338324,1.6971993219674675,2.955266154842155,0.35132298941527595,Fagaalu
5,8,4.303015025045978,0.40017398360977047,3.8839724619605787,0.09299850948242845,Leone
5,8,2.980811092273772,1.5314120763188213,1.4501425183439842,0.5137568362813141,Fagasa
4,8,1.6960105680391024,0.17075305098530327,1.5258149816668118,0.10067923761980148,Afono
5,8,5.148368723072046,4.390847067977893,3.053250286465454,0.8528618100526921,Nuuuli
5,8,3.468657357636066,1.2744283424942604,2.194577899994343,0.3674125781517952,Vaipito
4,8,7.33948022952832,5.820150301365738,1.5316779034042272,0.7929921628441768,Malota
4,8,0.5975025450716086,0.16085166173506185,0.43670383434418863,0.2692066553721279,Fagaitua
