,Month,Total_flow,Baseflow,Runoff,BF:TF,Site
9,12,7.937648665796843,3.5554674890266162,4.845175176284099,0.44792452257896587,Fagaalu
9,12,6.845017298925179,1.352527146354115,4.685508812820889,0.19759294787560172,Leone
9,12,2.9221072918793087,1.7181217582165635,1.2136336092546207,0.5879735364239757,Fagasa
8,12,5.135601878695691,1.2332889409142225,3.9043232846572318,0.24014496646057107,Afono
9,12,7.806723508933243,3.7836006413922574,4.102897089444109,0.4846592347048898,Nuuuli
9,12,4.685473585477554,1.8475582594174236,2.8395556772969863,0.39431622560926594,Vaipito
8,12,8.20549852244414,4.487976156157884,3.6953006348182194,0.5469474089699876,Malota
8,12,1.500095036702232,0.6037512775144505,0.897737322145326,0.40247535172286203,Fagaitua
