,Month,Total_flow,Baseflow,Runoff,BF:TF,Site
11,2,17.576297706812383,3.5395553881643114,14.038356145990301,0.20138230742373112,Fagaalu
11,2,17.23500541286319,2.7320440439250064,13.445645688838297,0.1585171561295809,Leone
11,2,9.08740741455207,2.4611472451207796,6.6282205256742,0.2708305166531474,Fagasa
10,2,8.691620591515942,1.2199369436700833,7.481536139253533,0.1403578228967895,Afono
11,2,10.706014205859196,2.695710049606388,8.99894424456278,0.25179399146799913,Nuuuli
11,2,13.64575690586459,2.81666369580281,10.867836917832522,0.20641315210534653,Vaipito
10,2,7.240370378172421,4.20586145869187,3.079176030426882,0.5808903742509224,Malota
10,2,2.1237409637517066,0.768124483207778,1.3557778748517255,0.36168463871923595,Fagaitua
