,Month,Total_flow,Baseflow,Runoff,BF:TF,Site
10,1,6.713632526992735,3.2947723266308766,3.8260927182988116,0.4907585146169323,Fagaalu
10,1,8.025655882795947,1.1922420667161113,6.259307686872657,0.14855384832432694,Leone
10,1,5.251252785000386,1.9585413490775803,3.294740427374722,0.3729664956659359,Fagasa
9,1,4.6605489611361595,1.457914374133049,3.2052385768693057,0.312820310716709,Afono
10,1,6.050439461208822,2.7040051011427226,4.034756588880967,0.4469105291407192,Nuuuli
10,1,5.582529607433153,1.8336971875450405,3.7551587206784984,0.32847066052340645,Vaipito
9,1,5.766702644482556,4.410199063025612,1.3249616756620108,0.7647696326505036,Malota
9,1,1.2755354370739815,0.7028512435232415,0.5742291768004364,0.5510244741890897,Fagaitua
