,Month,Total_flow,Baseflow,Runoff,BF:TF,Site
4,7,4.297368296452406,1.7461873820932194,2.35148737837591,0.40633877797598694,Fagaalu
4,7,4.5608768938836315,0.6518456590403445,3.763887707678961,0.14292112552182734,Leone
4,7,2.7380956743378038,1.4284595752285414,1.310448514457651,0.521698196529969,Fagasa
3,7,0.7084774091783379,0.13766488259033574,0.5714995851903908,0.1943108994117309,Afono
4,7,4.80433549073071,4.293667642012166,2.524055407669523,0.8937068716987384,Nuuuli
4,7,2.8633642533799017,1.3156825311733573,1.5502031086025778,0.459488355217235,Vaipito
3,7,6.832507601777752,5.118799973603701,1.7196756565992024,0.7491832094371675,Malota
3,7,0.3164069927891204,0.17504363554504074,0.1414871286333921,0.5532230308882718,Fagaitua
