,Month,Total_flow,Baseflow,Runoff,BF:TF,Site
3,6,3.4254513549314174,1.843992674325878,1.3559064948986923,0.5383210804238081,Fagaalu
3,6,3.4284123090977845,0.7703056447835248,2.464584471592292,0.22468290722775908,Leone
3,6,2.194484104426749,1.4410938489778302,0.7571319960428274,0.6566891261918153,Fagasa
2,6,0.8400631897697532,0.2430772311326564,0.5973523488727299,0.28935588904839366,Afono
3,6,4.168797810292684,3.9888007172269706,1.974225488641539,0.9568227817090807,Nuuuli
3,6,2.4641088774085342,1.3178737289153535,1.1487223479829416,0.5348277184494141,Vaipito
2,6,5.834342860636095,4.562453187753553,1.274609256339083,0.7819994979273684,Malota
2,6,0.27939335354695033,0.2106898353194752,0.08189804494481197,0.7540975210924982,Fagaitua
