,Month,Total_flow,Baseflow,Runoff,BF:TF,Site
0,3,5.696758078756841,3.1109053914137346,2.1932310373327617,0.5460834650876737,Fagaalu
0,3,3.629376484636656,1.4609923354123988,1.5522490720124176,0.4025463716968623,Leone
0,3,3.6278687289648346,2.7190271296194983,0.9721019721606159,0.7494833282998467,Fagasa
11,3,1.4582249704467312,0.5953978620358178,0.8806160811631237,0.4083031590478224,Afono
0,3,4.818252180822194,4.0482256688457445,1.5550618690398208,0.8401855106211874,Nuuuli
0,3,3.069938501025778,1.9396860826793936,1.1765202527052174,0.6318322279196388,Vaipito
11,3,6.424901527611885,5.044049433677342,1.3809228503361353,0.785078092169951,Malota
11,3,1.2239242098150402,0.8909387585379104,0.3346679766638806,0.7279362164692773,Fagaitua
