,Month,Total_flow,Baseflow,Runoff,BF:TF,Site
2,5,9.639804797512666,2.0647931284157393,7.270154365489053,0.2141944958209644,Fagaalu
2,5,11.247466049069713,3.54867063867335,6.779578285856505,0.3155084552548495,Leone
2,5,4.9679418141251475,2.2126875341361947,2.7770652280767485,0.445393206467304,Fagasa
1,5,5.587506394273827,0.45120108705480594,5.136488657808519,0.08075177999209175,Afono
2,5,7.672512970345901,3.451739836823336,5.67412364211103,0.4498838711859122,Nuuuli
2,5,7.61580991313973,2.1213473518565613,5.5227642326471456,0.2785452074107775,Vaipito
1,5,13.41920781843138,4.317332268999052,9.109192238101695,0.32172780445870763,Malota
1,5,1.227315979497331,0.4975231618907202,0.7371804691112829,0.40537495657352207,Fagaitua
