,Month,Total_flow,Baseflow,Runoff,BF:TF,Site
8,11,6.191175209339921,2.5712996424626073,4.029218074410605,0.4153168914657076,Fagaalu
8,11,7.3953070343753495,1.2065761731642966,4.708261871067022,0.1631543041493491,Leone
8,11,3.043364220516638,1.4853943844230593,1.56643799042419,0.48807644330224154,Fagasa
7,11,3.824237240067144,0.7458874108149731,3.0917652576047745,0.19504213886110194,Afono
8,11,8.714296193750222,5.144014515471275,3.9253219268617143,0.5902960378097424,Nuuuli
8,11,4.694937978936571,1.5005037455224932,3.200303863966539,0.31960033386050507,Vaipito
7,11,6.3134072229734635,4.482547259697808,1.845920770205369,0.7100044558169077,Malota
7,11,1.283457848567555,0.4567250720379675,0.8281952070991139,0.35585513972874955,Fagaitua
