,Month,Total_flow,Baseflow,Runoff,BF:TF,Site
7,10,7.070239079114916,2.119419919184977,4.629464905489002,0.2997663721790714,Fagaalu
7,10,5.461374769082219,0.9821601396481583,3.1798628384448744,0.1798375283103323,Leone
7,10,4.505027926534813,1.778220542150922,2.7270897557884135,0.3947190941208432,Fagasa
6,10,3.5809449642901514,0.5182357565213573,3.0665848464321837,0.14472039131829742,Afono
7,10,6.805421575605257,5.081128285848903,4.38065624551946,0.7466294673151092,Nuuuli
7,10,5.591765268620892,1.542379639080883,4.049914072580444,0.27583054098071663,Vaipito
6,10,7.078945232577936,4.6978312892111775,2.4178337039304103,0.6636343600443948,Malota
6,10,0.8568076176762046,0.26117603989964777,0.5976947197667509,0.30482460065889444,Fagaitua
