,Month,Total_flow,Baseflow,Runoff,BF:TF,Site
6,9,3.9862264771311353,1.7172995228472832,2.083693966325731,0.4308083177660327,Fagaalu
6,9,4.993268603782194,0.7366752916056118,3.9533720061357966,0.1475336798520334,Leone
6,9,2.8394314643561134,1.7191032939209319,1.1243308377388734,0.6054392632825057,Fagasa
5,9,0.6480658722131228,0.12461945445407976,0.5238802645009828,0.19229442530048463,Afono
6,9,4.588992416018497,4.638474988240662,2.468899974317442,1.010782883852551,Nuuuli
6,9,2.563585117127391,1.2663432831925232,1.2994260954271726,0.49397356644491525,Vaipito
5,9,7.0510172409046685,5.873462910194551,1.1688374179464909,0.8329951139703874,Malota
5,9,0.35840074646399744,0.16315303555533026,0.1955393704990295,0.4552251555416878,Fagaitua
